,mean,std,lower_95,upper_95
intercept,-0.01236562632996453,0.02167899457498218,-0.05436749139860699,0.030009799505806775
kospi_return,0.06006782275086384,0.0315285857023372,-0.0017611603340235765,0.12418371544592756
oil_price_change,-0.06073470793290878,0.025262598233012957,-0.10937474491564085,-0.012715425238541973
usd_krw_change,-0.005322967923373822,0.027571724996976105,-0.060768495862181846,0.048667617115397924
vix_change,0.0007363821763644336,0.02800705435108324,-0.05765678602094715,0.053169665711699
materials_sector_return,0.01011666029373141,0.035945166037632065,-0.06228251138416109,0.07940351657454386
