,mean,std,lower_95,upper_95
intercept,-0.0199041708801337,0.022475458137667114,-0.0629720553814731,0.025562486051831836
kospi_return,0.055846144933328346,0.03044593731700335,-0.0048880384802928774,0.11420015025656773
oil_price_change,-0.06358207628701212,0.02441630270433238,-0.1137295111610821,-0.013541498894913465
usd_krw_change,-0.0034465085628596023,0.026217806897192022,-0.05654969418704857,0.047811220206938336
vix_change,-0.002189182689790674,0.02988332976174351,-0.05965033264068387,0.05588122646234421
materials_sector_return,0.00824389965428716,0.03436185909323961,-0.05903749720963588,0.07198689137542892
