parameter,prior_mean,posterior_mean,posterior_std,difference
intercept,0.0,-0.0199041708801337,0.022475458137667114,-0.0199041708801337
kospi_return,0.0,0.055846144933328346,0.03044593731700335,0.055846144933328346
oil_price_change,0.0,-0.06358207628701212,0.02441630270433238,-0.06358207628701212
usd_krw_change,0.0,-0.0034465085628596023,0.026217806897192022,-0.0034465085628596023
vix_change,0.0,-0.002189182689790674,0.02988332976174351,-0.002189182689790674
materials_sector_return,0.0,0.00824389965428716,0.03436185909323961,0.00824389965428716
