parameter,prior_mean,posterior_mean,posterior_std,difference
intercept,0.0,-0.01236562632996453,0.02167899457498218,-0.01236562632996453
kospi_return,0.0,0.06006782275086384,0.0315285857023372,0.06006782275086384
oil_price_change,0.0,-0.06073470793290878,0.025262598233012957,-0.06073470793290878
usd_krw_change,0.0,-0.005322967923373822,0.027571724996976105,-0.005322967923373822
vix_change,0.0,0.0007363821763644336,0.02800705435108324,0.0007363821763644336
materials_sector_return,0.0,0.01011666029373141,0.035945166037632065,0.01011666029373141
