parameter,prior_mean,posterior_mean,posterior_std,difference
intercept,0.0,-0.01537961252294971,0.021168803450108697,-0.01537961252294971
kospi_return,0.0,0.05755700845373998,0.029018220353319187,0.05755700845373998
oil_price_change,0.0,-0.06665324389405422,0.023890728249767287,-0.06665324389405422
usd_krw_change,0.0,-0.0008312401585161004,0.027009806828709598,-0.0008312401585161004
vix_change,0.0,-0.00454609175716176,0.027470172074847036,-0.00454609175716176
materials_sector_return,0.0,0.009597529701797064,0.0341616287271629,0.009597529701797064
