parameter,prior_mean,posterior_mean,posterior_std,difference
intercept,0.0,-0.015620807568968045,0.021842552402309808,-0.015620807568968045
kospi_return,0.19999999999999962,0.05863932685022874,0.029347387705406795,-0.14136067314977088
oil_price_change,-0.09999999999999981,-0.06715376041925149,0.023441582013529937,0.032846239580748324
usd_krw_change,0.09999999999999981,0.0015133266911892464,0.025680250154243727,-0.09848667330881057
vix_change,-0.2250000000000004,-0.006755203476272653,0.027632154940829816,0.21824479652372775
materials_sector_return,0.2515000000000003,0.009554886071861621,0.03326804012690224,-0.24194511392813867
