parameter,prior_mean,posterior_mean,posterior_std,difference
intercept,0.0,-0.01511343152807451,0.021082533822108864,-0.01511343152807451
kospi_return,0.18888888888888888,0.0574144897176217,0.028937084795446214,-0.1314743991712672
oil_price_change,-0.1111111111111111,-0.06649034587083201,0.022458944660585484,0.044620765240279095
usd_krw_change,0.09444444444444444,-0.00023999921716885868,0.026585264001292224,-0.0946844436616133
vix_change,-0.21666666666666667,-0.005935698330714949,0.028153158003721968,0.21073096833595173
materials_sector_return,0.2888888888888889,0.008618493352333773,0.034224231491297934,-0.28027039553655514
