{
  "elicited": {
    "mae": 0.1245085249963533,
    "rmse": 0.19872839935247924,
    "r_squared": 0.31019371742409296,
    "directional_accuracy": 0.6666666666666666,
    "coverage_95": 0.8333333333333334
  },
  "uninformed": {
    "mae": 0.12417824470063256,
    "rmse": 0.20064521186832296,
    "r_squared": 0.2968226438618,
    "directional_accuracy": 0.6666666666666666,
    "coverage_95": 0.8333333333333334
  },
  "naive_llm": {
    "mae": 0.20628260702701817,
    "rmse": 0.31640422887670644,
    "r_squared": -0.7486054802977562,
    "directional_accuracy": 0.5,
    "coverage_95": 0.16666666666666666
  }
}