{
  "elicited": {
    "mae": 0.15112302467457292,
    "rmse": 0.21599769445423786,
    "r_squared": 0.1916090870024314,
    "directional_accuracy": 0.8333333333333334,
    "coverage_95": 0.6666666666666666
  },
  "uninformed": {
    "mae": 0.15110658893520512,
    "rmse": 0.21584486726810467,
    "r_squared": 0.1927526214516403,
    "directional_accuracy": 1.0,
    "coverage_95": 0.6666666666666666
  },
  "naive_llm": {
    "mae": 0.1979038380314501,
    "rmse": 0.2581539399580697,
    "r_squared": -0.15473068674126478,
    "directional_accuracy": 0.6666666666666666,
    "coverage_95": 0.3333333333333333
  }
}