{
  "expert_10": {
    "mae": 0.14689125448636545,
    "rmse": 0.20964839154250575,
    "r_squared": 0.23843625387629142,
    "directional_accuracy": 1.0,
    "coverage_95": 0.6666666666666666
  },
  "data_informed_10": {
    "mae": 0.14866926599189187,
    "rmse": 0.21377217937086873,
    "r_squared": 0.20818165092678664,
    "directional_accuracy": 1.0,
    "coverage_95": 0.6666666666666666
  },
  "data_informed_3": {
    "mae": 0.14854462890269798,
    "rmse": 0.21330009226750982,
    "r_squared": 0.21167503795596276,
    "directional_accuracy": 1.0,
    "coverage_95": 0.6666666666666666
  },
  "uninformed": {
    "mae": 0.14861455939027998,
    "rmse": 0.21275250349047264,
    "r_squared": 0.2157174534157832,
    "directional_accuracy": 1.0,
    "coverage_95": 0.6666666666666666
  },
  "naive_llm": {
    "mae": 0.1950584265137483,
    "rmse": 0.2730321060894537,
    "r_squared": -0.291667196249793,
    "directional_accuracy": 0.6666666666666666,
    "coverage_95": 0.16666666666666666
  }
}