,mae,rmse,r_squared,directional_accuracy,coverage_95
Bayesian + Expert (10x10),0.14689125448636545,0.20964839154250575,0.23843625387629142,1.0,0.6666666666666666
Bayesian + Data-informed (10x10),0.14866926599189187,0.21377217937086873,0.20818165092678664,1.0,0.6666666666666666
Bayesian + Data-informed (3x3),0.14854462890269798,0.21330009226750982,0.21167503795596276,1.0,0.6666666666666666
Bayesian + Uninformed,0.14861455939027998,0.21275250349047264,0.2157174534157832,1.0,0.6666666666666666
Naive LLM (In-Context),0.1950584265137483,0.2730321060894537,-0.291667196249793,0.6666666666666666,0.16666666666666666
