,mae,rmse,r_squared,directional_accuracy,coverage_95
Bayesian + LLM Priors,0.1245085249963533,0.19872839935247924,0.31019371742409296,0.6666666666666666,0.8333333333333334
Bayesian + Uninformed,0.12417824470063256,0.20064521186832296,0.2968226438618,0.6666666666666666,0.8333333333333334
Naive LLM (In-Context),0.20628260702701817,0.31640422887670644,-0.7486054802977562,0.5,0.16666666666666666
