,mae,rmse,r_squared,directional_accuracy,coverage_95
Bayesian + LLM Priors,0.15112302467457292,0.21599769445423786,0.1916090870024314,0.8333333333333334,0.6666666666666666
Bayesian + Uninformed,0.15110658893520512,0.21584486726810467,0.1927526214516403,1.0,0.6666666666666666
Naive LLM (In-Context),0.1979038380314501,0.2581539399580697,-0.15473068674126478,0.6666666666666666,0.3333333333333333
