,mae,rmse,r_squared,directional_accuracy,coverage_95
Expert (10x10),0.14689125448636545,0.20964839154250575,0.23843625387629142,1.0,0.6666666666666666
Data-informed (10x10),0.14866926599189187,0.21377217937086873,0.20818165092678664,1.0,0.6666666666666666
Data-informed (3x3),0.14854462890269798,0.21330009226750982,0.21167503795596276,1.0,0.6666666666666666
Uninformed,0.14861455939027998,0.21275250349047264,0.2157174534157832,1.0,0.6666666666666666
Naive LLM,0.2027517598470817,0.27437191840643893,-0.30437513590633936,0.6666666666666666,0.0
Expert (10x10) + News,0.12067237986182085,0.18713274974297442,0.3932318300686648,1.0,0.8333333333333334
Uninformed + News,0.11511443727828263,0.17898985167455458,0.44488877643493585,1.0,0.8333333333333334
