,mean,std,lower_95,upper_95
intercept,-0.015285426351452582,0.02101805443788969,-0.05557184949037616,0.027383975823375407
kospi_return,0.06429794861253608,0.029307774421278354,0.004836344461098171,0.12217055323403682
oil_price_change,-0.07312240887279117,0.023151474855405973,-0.12056005708321897,-0.02801043426278323
usd_krw_change,0.008866011976414267,0.024544939683726355,-0.038624727315028626,0.05819410722940917
vix_change,-0.00645334619877632,0.02762801829559417,-0.06115986125182662,0.04825517944514725
materials_sector_return,0.011909827354868039,0.033474859379426916,-0.05220030590761707,0.07997153595205721
