parameter,prior_mean,posterior_mean,posterior_std,difference
intercept,0.0,-0.015285426351452582,0.02101805443788969,-0.015285426351452582
kospi_return,0.494,0.06429794861253608,0.029307774421278354,-0.4297020513874639
oil_price_change,-0.2900000000000005,-0.07312240887279117,0.023151474855405973,0.2168775911272093
usd_krw_change,0.09599999999999982,0.008866011976414267,0.024544939683726355,-0.08713398802358556
vix_change,-0.19949999999999965,-0.00645334619877632,0.02762801829559417,0.19304665380122332
materials_sector_return,0.39599999999999924,0.011909827354868039,0.033474859379426916,-0.3840901726451312
