{
  "mean_prediction": 0.11335781084656087,
  "std_prediction": 0.11011276400159434,
  "min_prediction": -0.02737777777777778,
  "max_prediction": 0.23574285714285717,
  "n_positive": 4,
  "n_negative": 2,
  "prediction_range": 0.263120634920635,
  "prediction_std_mean": 0.07865383120142799,
  "prediction_std_std": 0.032652260612617355,
  "coverage_90": 0.3333333333333333,
  "avg_prediction_interval_width": 0.19694166666666665
}