{
  "mean_prediction": 0.046325,
  "std_prediction": 0.0373479181704505,
  "min_prediction": 0.0234,
  "max_prediction": 0.12724000000000002,
  "n_positive": 6,
  "n_negative": 0,
  "prediction_range": 0.10384000000000002,
  "prediction_std_mean": 0.007857479256812384,
  "prediction_std_std": 0.0061084288538131,
  "coverage_90": 0.0,
  "avg_prediction_interval_width": 0.019559166666666652
}