{
  "mean_prediction": 0.046448333333333335,
  "std_prediction": 0.03499791918417754,
  "min_prediction": 0.018220000000000004,
  "max_prediction": 0.11089000000000002,
  "n_positive": 6,
  "n_negative": 0,
  "prediction_range": 0.09267000000000002,
  "prediction_std_mean": 0.018930448393476313,
  "prediction_std_std": 0.016506340406702208,
  "coverage_90": 0.16666666666666666,
  "avg_prediction_interval_width": 0.04683666666666666
}