{
  "method": "naive_llm",
  "model": "gpt-3.5-turbo",
  "n_train": 30,
  "n_test": 6,
  "metrics": {
    "mae": 0.2027517598470817,
    "rmse": 0.27437191840643893,
    "r_squared": -0.30437513590633936,
    "directional_accuracy": 0.6666666666666666,
    "coverage_95": 0.0
  },
  "prediction_stats": {
    "mean_prediction": 0.046325,
    "std_prediction": 0.0373479181704505,
    "min_prediction": 0.0234,
    "max_prediction": 0.12724000000000002,
    "n_positive": 6,
    "n_negative": 0,
    "prediction_range": 0.10384000000000002,
    "prediction_std_mean": 0.007857479256812384,
    "prediction_std_std": 0.0061084288538131,
    "coverage_90": 0.0,
    "avg_prediction_interval_width": 0.019559166666666652
  },
  "feature_names": [
    "kospi_return",
    "oil_price_change",
    "usd_krw_change",
    "vix_change",
    "materials_sector_return"
  ]
}