{
  "method": "naive_llm",
  "model": "gpt-3.5-turbo",
  "n_train": 30,
  "n_test": 6,
  "metrics": {
    "mae": 0.1950584265137483,
    "rmse": 0.2730321060894537,
    "r_squared": -0.291667196249793,
    "directional_accuracy": 0.6666666666666666,
    "coverage_95": 0.16666666666666666
  },
  "prediction_stats": {
    "mean_prediction": 0.046448333333333335,
    "std_prediction": 0.03499791918417754,
    "min_prediction": 0.018220000000000004,
    "max_prediction": 0.11089000000000002,
    "n_positive": 6,
    "n_negative": 0,
    "prediction_range": 0.09267000000000002,
    "prediction_std_mean": 0.018930448393476313,
    "prediction_std_std": 0.016506340406702208,
    "coverage_90": 0.16666666666666666,
    "avg_prediction_interval_width": 0.04683666666666666
  },
  "feature_names": [
    "kospi_return",
    "oil_price_change",
    "usd_krw_change",
    "vix_change",
    "materials_sector_return"
  ]
}