{
  "method": "naive_llm",
  "model": "gpt-3.5-turbo",
  "n_train": 29,
  "n_test": 6,
  "metrics": {
    "mae": 0.1979038380314501,
    "rmse": 0.2581539399580697,
    "r_squared": -0.15473068674126478,
    "directional_accuracy": 0.6666666666666666,
    "coverage_95": 0.3333333333333333
  },
  "prediction_stats": {
    "mean_prediction": 0.11335781084656087,
    "std_prediction": 0.11011276400159434,
    "min_prediction": -0.02737777777777778,
    "max_prediction": 0.23574285714285717,
    "n_positive": 4,
    "n_negative": 2,
    "prediction_range": 0.263120634920635,
    "prediction_std_mean": 0.07865383120142799,
    "prediction_std_std": 0.032652260612617355,
    "coverage_90": 0.3333333333333333,
    "avg_prediction_interval_width": 0.19694166666666665
  },
  "feature_names": [
    "kospi_return",
    "oil_price_change",
    "usd_krw_change",
    "vix_change",
    "materials_sector_return"
  ]
}