{
  "method": "naive_llm",
  "model": "gpt-3.5-turbo",
  "n_train": 30,
  "n_test": 6,
  "metrics": {
    "mae": 0.20628260702701817,
    "rmse": 0.31640422887670644,
    "r_squared": -0.7486054802977562,
    "directional_accuracy": 0.5,
    "coverage_95": 0.16666666666666666
  },
  "prediction_stats": {
    "mean_prediction": 0.011366666666666669,
    "std_prediction": 0.0887258169243253,
    "min_prediction": -0.10581999999999998,
    "max_prediction": 0.14474,
    "n_positive": 3,
    "n_negative": 3,
    "prediction_range": 0.25056,
    "prediction_std_mean": 0.04239300170794722,
    "prediction_std_std": 0.010246204477267887,
    "coverage_90": 0.16666666666666666,
    "avg_prediction_interval_width": 0.1220233333333333
  },
  "feature_names": [
    "kospi_return",
    "oil_price_change",
    "usd_krw_change",
    "vix_change",
    "materials_sector_return"
  ]
}