parameter,prior_mean,posterior_mean,posterior_std,difference
intercept,0.0,-0.013142186058985778,0.01867247683150778,-0.013142186058985778
kospi_return,0.377,0.04976701721691059,0.021473887476969624,-0.32723298278308943
oil_price_change,-0.20720000000000027,-0.0763645234882632,0.02167851058640584,0.13083547651173708
usd_krw_change,0.07039999999999991,0.011786850377754728,0.02214006887962774,-0.058613149622245175
vix_change,-0.17699999999999985,-0.0040259027637545765,0.020958075941017226,0.17297409723624527
materials_sector_return,0.3356999999999998,0.02647283434964633,0.02493555767965569,-0.30922716565035346
news_score,0.1639999999999998,0.20296537739115536,0.08967814188191754,0.03896537739115555
