parameter,prior_mean,posterior_mean,posterior_std,difference
intercept,0.0,-0.012424750624411068,0.020099052718754222,-0.012424750624411068
kospi_return,0.0,0.045206224905573605,0.027823331703121238,0.045206224905573605
oil_price_change,0.0,-0.07546629879164504,0.02233347695019462,-0.07546629879164504
usd_krw_change,0.0,0.00579668101299965,0.024675915795188713,0.00579668101299965
vix_change,0.0,0.0041482583729175035,0.026274299784731215,0.0041482583729175035
materials_sector_return,0.0,0.027410793190026914,0.03272097918030377,0.027410793190026914
news_score,0.0,0.25876750059214404,0.13389524274475398,0.25876750059214404
