,mean,std,lower_95,upper_95
intercept,-0.011501270446617457,0.02307854286790985,-0.05783288775029659,0.034687241863559634
kospi_return,0.06258014832343327,0.03164478799366834,-0.00017013838579619934,0.12467849909651123
oil_price_change,-0.06236259811867957,0.02540792319354817,-0.10981111342104638,-0.012147319863894206
usd_krw_change,-0.004428939557788595,0.027937972118298997,-0.06209834626924343,0.05035356161756236
vix_change,-0.0019558598639677345,0.029285425622042796,-0.060661835535446386,0.0543704983588212
materials_sector_return,0.009350973051543001,0.036075724331014934,-0.06377014441705703,0.08126640861741886
