parameter,prior_mean,posterior_mean,posterior_std,difference
intercept,0.0,-0.020639940138139252,0.022253762493284607,-0.020639940138139252
kospi_return,0.6110000000000008,0.056693912770002595,0.031777055394487906,-0.5543060872299982
oil_price_change,-0.22799999999999998,-0.06461855255653799,0.024070012457705226,0.163381447443462
usd_krw_change,-0.07499999999999998,-0.0015149565898486892,0.02649506998005552,0.07348504341015129
vix_change,-0.2739999999999997,-0.004103739069904782,0.029349927829945537,0.2698962609300949
materials_sector_return,0.5580000000000002,0.008438715858620828,0.034945737050024545,-0.5495612841413793
