parameter,prior_mean,posterior_mean,posterior_std,difference
intercept,0.0,-0.011501270446617457,0.02307854286790985,-0.011501270446617457
kospi_return,0.6110000000000008,0.06258014832343327,0.03164478799366834,-0.5484198516765675
oil_price_change,-0.22799999999999998,-0.06236259811867957,0.02540792319354817,0.16563740188132042
usd_krw_change,-0.07499999999999998,-0.004428939557788595,0.027937972118298997,0.07057106044221138
vix_change,-0.2739999999999997,-0.0019558598639677345,0.029285425622042796,0.27204414013603195
materials_sector_return,0.5580000000000002,0.009350973051543001,0.036075724331014934,-0.5486490269484572
